,target,item_id
2020-04-11 00:00:00 UTC,0.957605828,A
2020-04-12 00:00:00 UTC,0.784711315,A
2020-04-13 00:00:00 UTC,0.875994407,A
2020-04-14 00:00:00 UTC,0.786712195,A
2020-04-15 00:00:00 UTC,0.666673391,A
2020-04-16 00:00:00 UTC,0.637621067,A
2020-04-17 00:00:00 UTC,0.692333125,A
2020-04-18 00:00:00 UTC,0.657449398,A
2020-04-19 00:00:00 UTC,0.676972185,A
2020-04-20 00:00:00 UTC,0.609435839,A
2020-04-21 00:00:00 UTC,0.534790494,A
2020-04-22 00:00:00 UTC,0.572826921,A
2020-04-23 00:00:00 UTC,0.68488722,A
2020-04-24 00:00:00 UTC,0.621703279,A
2020-04-25 00:00:00 UTC,0.62276509,A
2020-04-26 00:00:00 UTC,0.647090318,A
2020-04-27 00:00:00 UTC,0.639862804,A
2020-04-28 00:00:00 UTC,0.568315481,A
2020-04-29 00:00:00 UTC,0.657428321,A
2020-04-30 00:00:00 UTC,0.741189014,A
2020-05-01 00:00:00 UTC,0.693089721,A
2020-05-02 00:00:00 UTC,0.716953932,A
2020-05-03 00:00:00 UTC,0.712437893,A
2020-05-04 00:00:00 UTC,0.686609817,A
2020-05-05 00:00:00 UTC,0.672829741,A
2020-05-06 00:00:00 UTC,0.650308149,A
2020-05-07 00:00:00 UTC,0.619400358,A
2020-05-08 00:00:00 UTC,0.60893989,A
2020-05-09 00:00:00 UTC,0.608939662,A
2020-05-10 00:00:00 UTC,0.601791796,A
2020-05-11 00:00:00 UTC,0.541777929,A
2020-05-12 00:00:00 UTC,0.513923496,A
2020-05-13 00:00:00 UTC,0.533342654,A
2020-05-14 00:00:00 UTC,0.553319102,A
2020-05-15 00:00:00 UTC,0.574281422,A
2020-05-16 00:00:00 UTC,0.556434196,A
2020-05-17 00:00:00 UTC,0.598966111,A
2020-05-18 00:00:00 UTC,0.615933745,A
2020-05-19 00:00:00 UTC,0.647734445,A
2020-05-20 00:00:00 UTC,0.621935751,A
2020-05-21 00:00:00 UTC,0.579585935,A
2020-05-22 00:00:00 UTC,0.605566098,A
2020-05-23 00:00:00 UTC,0.614983226,A
2020-05-24 00:00:00 UTC,0.608220171,A
2020-05-25 00:00:00 UTC,0.546574172,A
2020-05-26 00:00:00 UTC,0.602230411,A
2020-05-27 00:00:00 UTC,0.573139946,A
2020-05-28 00:00:00 UTC,0.588400493,A
2020-05-29 00:00:00 UTC,0.572170088,A
2020-05-30 00:00:00 UTC,0.577432313,A
2020-05-31 00:00:00 UTC,0.585813238,A
2020-06-01 00:00:00 UTC,0.575677003,A
2020-06-02 00:00:00 UTC,0.578975524,A
2020-06-03 00:00:00 UTC,0.56581432,A
2020-06-04 00:00:00 UTC,0.586205471,A
2020-06-05 00:00:00 UTC,0.586755369,A
2020-06-06 00:00:00 UTC,0.656961105,A
2020-06-07 00:00:00 UTC,0.625417465,A
2020-06-08 00:00:00 UTC,0.619374555,A
2020-06-09 00:00:00 UTC,0.667680742,A
2020-06-10 00:00:00 UTC,0.655418523,A
2020-06-11 00:00:00 UTC,0.65036175,A
2020-06-12 00:00:00 UTC,0.571998305,A
2020-06-13 00:00:00 UTC,0.593356482,A
2020-06-14 00:00:00 UTC,0.608810203,A
2020-06-15 00:00:00 UTC,0.586183106,A
2020-06-16 00:00:00 UTC,0.570331272,A
2020-06-17 00:00:00 UTC,0.585098839,A
2020-06-18 00:00:00 UTC,0.581848171,A
2020-06-19 00:00:00 UTC,0.619998001,A
2020-06-20 00:00:00 UTC,0.686091686,A
2020-06-21 00:00:00 UTC,0.644597985,A
2020-06-22 00:00:00 UTC,0.672747793,A
2020-06-23 00:00:00 UTC,0.727172964,A
2020-06-24 00:00:00 UTC,0.706733628,A
2020-06-25 00:00:00 UTC,0.736245262,A
2020-06-26 00:00:00 UTC,0.712689411,A
2020-06-27 00:00:00 UTC,0.740720865,A
2020-06-28 00:00:00 UTC,0.713355369,A
2020-06-29 00:00:00 UTC,0.798760466,A
2020-06-30 00:00:00 UTC,0.853126884,A
2020-07-01 00:00:00 UTC,0.859295554,A
2020-07-02 00:00:00 UTC,0.832459236,A
2020-07-03 00:00:00 UTC,0.774611479,A
2020-07-04 00:00:00 UTC,0.767470465,A
2020-07-05 00:00:00 UTC,0.781187108,A
2020-07-06 00:00:00 UTC,0.692187662,A
2020-07-07 00:00:00 UTC,0.708409297,A
2020-07-08 00:00:00 UTC,0.753477255,A
2020-07-09 00:00:00 UTC,0.795614168,A
2020-07-10 00:00:00 UTC,0.850478339,A
2020-07-11 00:00:00 UTC,0.913637374,A
2020-07-12 00:00:00 UTC,0.921534189,A
2020-07-13 00:00:00 UTC,1.017526938,A
2020-07-14 00:00:00 UTC,1.178753287,A
2020-07-15 00:00:00 UTC,1.148356195,A
2020-07-16 00:00:00 UTC,1.293547506,A
2020-07-17 00:00:00 UTC,0.86891847,A
2020-07-18 00:00:00 UTC,0.98182415,A
2020-07-19 00:00:00 UTC,0.967318271,A
2020-07-20 00:00:00 UTC,0.922438344,A
2020-07-21 00:00:00 UTC,0.873058979,A
2020-07-22 00:00:00 UTC,0.976392031,A
2020-07-23 00:00:00 UTC,1.044724667,A
2020-07-24 00:00:00 UTC,1.055806292,A
2020-07-25 00:00:00 UTC,0.996204459,A
2020-07-26 00:00:00 UTC,1.250866425,A
2020-07-27 00:00:00 UTC,1.597026053,A
2020-07-28 00:00:00 UTC,1.776955812,A
2020-07-29 00:00:00 UTC,1.783963135,A
2020-07-30 00:00:00 UTC,1.657191929,A
2020-07-31 00:00:00 UTC,1.688418732,A
2020-08-01 00:00:00 UTC,1.538097032,A
2020-08-02 00:00:00 UTC,1.533137395,A
2020-08-03 00:00:00 UTC,1.746015674,A
2020-08-04 00:00:00 UTC,1.800363681,A
2020-08-05 00:00:00 UTC,1.897307255,A
2020-08-06 00:00:00 UTC,1.761183319,A
2020-08-07 00:00:00 UTC,2.201922492,A
2020-08-08 00:00:00 UTC,2.073120413,A
2020-08-09 00:00:00 UTC,2.473401784,A
2020-08-10 00:00:00 UTC,2.659002831,A
2020-08-11 00:00:00 UTC,3.135883739,A
2020-08-12 00:00:00 UTC,3.264869118,A
2020-08-13 00:00:00 UTC,3.74138793,A
2020-08-14 00:00:00 UTC,3.733675413,A
2020-08-15 00:00:00 UTC,3.41749722,A
2020-08-16 00:00:00 UTC,3.173195437,A
2020-08-17 00:00:00 UTC,3.385226728,A
2020-08-18 00:00:00 UTC,3.103088944,A
2020-08-19 00:00:00 UTC,3.331062075,A
2020-08-20 00:00:00 UTC,2.896131068,A
2020-08-21 00:00:00 UTC,3.206502582,A
2020-08-22 00:00:00 UTC,2.933189414,A
2020-08-23 00:00:00 UTC,3.021765596,A
2020-08-24 00:00:00 UTC,3.329934051,A
2020-08-25 00:00:00 UTC,3.339777044,A
2020-08-26 00:00:00 UTC,3.261241607,A
2020-08-27 00:00:00 UTC,3.551066941,A
2020-08-28 00:00:00 UTC,3.430616122,A
2020-08-29 00:00:00 UTC,4.011416157,A
2020-08-30 00:00:00 UTC,3.972282229,A
2020-08-31 00:00:00 UTC,4.436663533,A
2020-09-01 00:00:00 UTC,4.794461849,A
2020-09-02 00:00:00 UTC,4.304353616,A
2020-09-03 00:00:00 UTC,4.176224469,A
2020-09-04 00:00:00 UTC,3.513971152,A
2020-09-05 00:00:00 UTC,3.540717454,A
2020-09-06 00:00:00 UTC,2.595171711,A
2020-09-07 00:00:00 UTC,3.087153752,A
2020-09-08 00:00:00 UTC,2.906438018,A
2020-09-09 00:00:00 UTC,2.474280635,A
2020-09-10 00:00:00 UTC,3.634370351,A
2020-09-11 00:00:00 UTC,3.453090001,A
2020-09-12 00:00:00 UTC,3.446208523,A
2020-09-13 00:00:00 UTC,3.332662087,A
2020-09-14 00:00:00 UTC,3.224798312,A
2020-09-15 00:00:00 UTC,3.26239121,A
2020-09-16 00:00:00 UTC,2.931693208,A
2020-09-17 00:00:00 UTC,2.549465406,A
2020-09-18 00:00:00 UTC,2.919199303,A
2020-09-19 00:00:00 UTC,3.084079827,A
2020-09-20 00:00:00 UTC,3.014728897,A
2020-09-21 00:00:00 UTC,2.867958258,A
2020-09-22 00:00:00 UTC,2.773660229,A
2020-09-23 00:00:00 UTC,2.940215514,A
2020-09-24 00:00:00 UTC,2.835500587,A
2020-09-25 00:00:00 UTC,3.130126407,A
2020-09-26 00:00:00 UTC,3.19100605,A
2020-09-27 00:00:00 UTC,3.135145216,A
2020-09-28 00:00:00 UTC,3.165994885,A
2020-09-29 00:00:00 UTC,2.955775151,A
2020-09-30 00:00:00 UTC,2.945119039,A
2020-10-01 00:00:00 UTC,2.895851724,A
2020-10-02 00:00:00 UTC,2.866125781,A
2020-10-03 00:00:00 UTC,2.628903911,A
2020-10-04 00:00:00 UTC,2.553637808,A
2020-10-05 00:00:00 UTC,2.522557078,A
2020-10-06 00:00:00 UTC,2.652751429,A
2020-10-07 00:00:00 UTC,2.174595988,A
2020-10-08 00:00:00 UTC,2.290102499,A
2020-10-09 00:00:00 UTC,2.362657311,A
2020-10-10 00:00:00 UTC,2.539492735,A
2020-10-11 00:00:00 UTC,2.405568638,A
2020-10-12 00:00:00 UTC,2.418105546,A
2020-10-13 00:00:00 UTC,2.583581446,A
2020-10-14 00:00:00 UTC,2.402275769,A
2020-10-15 00:00:00 UTC,2.31915368,A
2020-10-16 00:00:00 UTC,2.268549825,A
2020-10-17 00:00:00 UTC,2.14109699,A
2020-10-18 00:00:00 UTC,2.203563201,A
2020-10-19 00:00:00 UTC,2.211921024,A
2020-10-20 00:00:00 UTC,2.056854399,A
2020-10-21 00:00:00 UTC,1.885885987,A
2020-10-22 00:00:00 UTC,1.880968953,A
2020-10-23 00:00:00 UTC,1.953886847,A
2020-10-24 00:00:00 UTC,1.957174534,A
2020-10-25 00:00:00 UTC,1.912534837,A
2020-10-26 00:00:00 UTC,1.791012455,A
2020-10-27 00:00:00 UTC,1.684800755,A
2020-10-28 00:00:00 UTC,1.715941507,A
2020-10-29 00:00:00 UTC,1.518543431,A
2020-10-30 00:00:00 UTC,1.428846691,A
2020-10-31 00:00:00 UTC,1.440645797,A
2020-11-01 00:00:00 UTC,1.535551453,A
2020-11-02 00:00:00 UTC,1.600572442,A
2020-11-03 00:00:00 UTC,1.47523533,A
2020-11-04 00:00:00 UTC,1.412635643,A
2020-11-05 00:00:00 UTC,1.393307046,A
2020-11-06 00:00:00 UTC,1.405708358,A
2020-11-07 00:00:00 UTC,1.92596915,A
2020-11-08 00:00:00 UTC,2.032391503,A
2020-11-09 00:00:00 UTC,2.15534489,A
2020-11-10 00:00:00 UTC,2.028511604,A
2020-11-11 00:00:00 UTC,2.252786688,A
2020-11-12 00:00:00 UTC,2.000194697,A
2020-11-13 00:00:00 UTC,1.896790484,A
2020-11-14 00:00:00 UTC,2.017595354,A
2020-11-15 00:00:00 UTC,1.919820809,A
2020-11-16 00:00:00 UTC,2.040679131,A
2020-11-17 00:00:00 UTC,2.262358998,A
2020-11-18 00:00:00 UTC,2.197190779,A
2020-11-19 00:00:00 UTC,2.117886192,A
2020-11-20 00:00:00 UTC,2.070684202,A
2020-11-21 00:00:00 UTC,2.099258903,A
2020-11-22 00:00:00 UTC,2.381429683,A
2020-11-23 00:00:00 UTC,2.151813535,A
2020-11-24 00:00:00 UTC,2.273388487,A
2020-11-25 00:00:00 UTC,2.259914141,A
2020-11-26 00:00:00 UTC,2.264612998,A
2020-11-27 00:00:00 UTC,1.901905045,A
2020-11-28 00:00:00 UTC,1.859262987,A
2020-11-29 00:00:00 UTC,1.890375956,A
2020-11-30 00:00:00 UTC,1.913342978,A
2020-12-01 00:00:00 UTC,1.965246985,A
2020-12-02 00:00:00 UTC,1.982115584,A
2020-12-03 00:00:00 UTC,2.117381961,A
2020-12-04 00:00:00 UTC,2.096751319,A
2020-12-05 00:00:00 UTC,1.858485553,A
2020-12-06 00:00:00 UTC,1.978660335,A
2020-12-07 00:00:00 UTC,1.851301552,A
2020-12-08 00:00:00 UTC,1.830633589,A
2020-12-09 00:00:00 UTC,1.670368617,A
2020-12-10 00:00:00 UTC,1.66493735,A
2020-12-11 00:00:00 UTC,1.576507891,A
2020-12-12 00:00:00 UTC,1.44966928,A
2020-12-13 00:00:00 UTC,1.490849713,A
2020-12-14 00:00:00 UTC,1.566571104,A
2020-12-15 00:00:00 UTC,1.590457215,A
2020-12-16 00:00:00 UTC,1.752967647,A
2020-12-17 00:00:00 UTC,1.779209479,A
2020-12-18 00:00:00 UTC,1.677764317,A
2020-12-19 00:00:00 UTC,1.699778561,A
2020-12-20 00:00:00 UTC,1.668308559,A
2020-12-21 00:00:00 UTC,1.563348351,A
2020-12-22 00:00:00 UTC,1.543420537,A
2020-12-23 00:00:00 UTC,1.49288377,A
2020-12-24 00:00:00 UTC,1.206243024,A
2020-12-25 00:00:00 UTC,1.363459012,A
2020-12-26 00:00:00 UTC,1.445884806,A
2020-12-27 00:00:00 UTC,1.328260798,A
2020-12-28 00:00:00 UTC,1.306540128,A
2020-12-29 00:00:00 UTC,1.51912825,A
2020-12-30 00:00:00 UTC,1.676068535,A
2020-12-31 00:00:00 UTC,1.537839088,A
2021-01-01 00:00:00 UTC,1.515807496,A
2021-01-02 00:00:00 UTC,1.841140876,A
2021-01-03 00:00:00 UTC,1.802628913,A
2021-01-04 00:00:00 UTC,2.14770799,A
2021-01-05 00:00:00 UTC,2.421784607,A
2021-01-06 00:00:00 UTC,2.161868957,A
2021-01-07 00:00:00 UTC,1.923185464,A
2021-01-08 00:00:00 UTC,2.367409285,A
2021-01-09 00:00:00 UTC,3.234482123,A
2021-01-10 00:00:00 UTC,3.388588369,A
2021-01-11 00:00:00 UTC,3.473732232,A
2021-01-12 00:00:00 UTC,3.10762749,A
2021-01-13 00:00:00 UTC,3.586764677,A
2021-01-14 00:00:00 UTC,3.520762209,A
2021-01-15 00:00:00 UTC,3.278193489,A
2021-01-16 00:00:00 UTC,3.255779395,A
2021-01-17 00:00:00 UTC,3.4518655,A
2021-01-18 00:00:00 UTC,3.815984156,A
2021-01-19 00:00:00 UTC,3.77514664,A
2021-01-20 00:00:00 UTC,3.641431312,A
2021-01-21 00:00:00 UTC,3.729115837,A
2021-01-22 00:00:00 UTC,2.998811475,A
2021-01-23 00:00:00 UTC,3.341360079,A
2021-01-24 00:00:00 UTC,3.501568303,A
2021-01-25 00:00:00 UTC,3.631707075,A
2021-01-26 00:00:00 UTC,3.713999633,A
2021-01-27 00:00:00 UTC,4.032884054,A
2021-01-28 00:00:00 UTC,3.699511535,A
2021-01-29 00:00:00 UTC,3.817402068,A
2021-01-30 00:00:00 UTC,3.864348593,A
2021-01-31 00:00:00 UTC,4.233485773,A
2021-02-01 00:00:00 UTC,4.263968589,A
2021-02-02 00:00:00 UTC,4.594574803,A
2021-02-03 00:00:00 UTC,5.257321085,A
2021-02-04 00:00:00 UTC,5.721470794,A
2021-02-05 00:00:00 UTC,6.416246734,A
2021-02-06 00:00:00 UTC,6.706647732,A
2021-02-07 00:00:00 UTC,6.117657912,A
2021-02-08 00:00:00 UTC,6.657339688,A
2021-02-09 00:00:00 UTC,7.908749784,A
2021-02-10 00:00:00 UTC,7.840138331,A
2021-02-11 00:00:00 UTC,9.021720125,A
2021-02-12 00:00:00 UTC,9.200179305,A
2021-02-13 00:00:00 UTC,9.228804888,A
2021-02-14 00:00:00 UTC,8.713969624,A
2021-02-15 00:00:00 UTC,8.727632198,A
2021-02-16 00:00:00 UTC,8.847305421,A
2021-02-17 00:00:00 UTC,8.30280603,A
2021-02-18 00:00:00 UTC,8.231931006,A
2021-02-19 00:00:00 UTC,9.012662633,A
2021-02-20 00:00:00 UTC,11.4408694,A
2021-02-21 00:00:00 UTC,10.04473383,A
2021-02-22 00:00:00 UTC,11.11340294,A
2021-02-23 00:00:00 UTC,14.42373053,A
2021-02-24 00:00:00 UTC,15.15827795,A
2021-02-25 00:00:00 UTC,17.47180364,A
2021-02-26 00:00:00 UTC,13.81100907,A
2021-02-27 00:00:00 UTC,13.66893596,A
2021-02-28 00:00:00 UTC,13.31096512,A
2021-03-01 00:00:00 UTC,13.03076907,A
2021-03-02 00:00:00 UTC,15.03008569,A
2021-03-03 00:00:00 UTC,14.01008625,A
2021-03-04 00:00:00 UTC,14.13100351,A
2021-03-05 00:00:00 UTC,13.11502409,A
2021-03-06 00:00:00 UTC,12.63107018,A
2021-03-07 00:00:00 UTC,13.06809551,A
2021-03-08 00:00:00 UTC,13.91718705,A
2021-03-09 00:00:00 UTC,13.64022584,A
2021-03-10 00:00:00 UTC,14.86660709,A
2021-03-11 00:00:00 UTC,14.23353965,A
2021-03-12 00:00:00 UTC,15.97657142,A
2021-03-13 00:00:00 UTC,14.59862313,A
2021-03-14 00:00:00 UTC,15.31847866,A
2021-03-15 00:00:00 UTC,14.56731405,A
2021-03-16 00:00:00 UTC,14.16336589,A
2021-03-17 00:00:00 UTC,13.68931374,A
2021-03-18 00:00:00 UTC,14.27775626,A
2021-03-19 00:00:00 UTC,14.26867568,A
2021-03-20 00:00:00 UTC,14.1828667,A
2021-03-21 00:00:00 UTC,14.27580403,A
2021-03-22 00:00:00 UTC,14.30622975,A
2021-03-23 00:00:00 UTC,14.87033748,A
2021-03-24 00:00:00 UTC,14.19456779,A
2021-03-25 00:00:00 UTC,13.60393816,A
2021-03-26 00:00:00 UTC,12.96452276,A
2021-03-27 00:00:00 UTC,14.74905407,A
2021-03-28 00:00:00 UTC,16.56643725,A
2021-03-29 00:00:00 UTC,18.00806967,A
2021-03-30 00:00:00 UTC,18.88489087,A
2021-03-31 00:00:00 UTC,19.17575575,A
2021-04-01 00:00:00 UTC,19.48663194,A
2021-04-02 00:00:00 UTC,19.05545052,A
2021-04-03 00:00:00 UTC,19.73831925,A
2021-04-04 00:00:00 UTC,22.59896305,A
2021-04-05 00:00:00 UTC,24.02282912,A
2021-04-06 00:00:00 UTC,22.94298584,A
2021-04-07 00:00:00 UTC,24.98954918,A
2021-04-08 00:00:00 UTC,26.67473295,A
2021-04-09 00:00:00 UTC,27.00514637,A
2021-04-10 00:00:00 UTC,27.78469812,A
2021-04-11 00:00:00 UTC,26.83396606,A
2021-04-12 00:00:00 UTC,27.81776983,A
2021-04-13 00:00:00 UTC,28.52398051,A
2021-04-14 00:00:00 UTC,27.56950727,A
2021-04-15 00:00:00 UTC,26.45151636,A
2021-04-16 00:00:00 UTC,27.82949194,A
2021-04-17 00:00:00 UTC,25.28026504,A
2021-04-18 00:00:00 UTC,25.01097915,A
2021-04-19 00:00:00 UTC,32.43000667,A
2021-04-20 00:00:00 UTC,31.7251483,A
2021-04-21 00:00:00 UTC,31.68779272,A
2021-04-22 00:00:00 UTC,32.31362189,A
2021-04-23 00:00:00 UTC,39.04180159,A
2021-04-24 00:00:00 UTC,37.0668897,A
2021-04-25 00:00:00 UTC,40.74492272,A
2021-04-26 00:00:00 UTC,47.66158942,A
2021-04-27 00:00:00 UTC,44.49648066,A
2021-04-28 00:00:00 UTC,43.2179654,A
2021-04-29 00:00:00 UTC,45.03962011,A
2021-04-30 00:00:00 UTC,42.5819452,A
2021-05-01 00:00:00 UTC,42.99529635,A
2021-05-02 00:00:00 UTC,49.66339414,A
2021-05-03 00:00:00 UTC,46.93452855,A
2021-05-04 00:00:00 UTC,46.08780895,A
2021-05-05 00:00:00 UTC,42.7018941,A
2021-05-06 00:00:00 UTC,44.89309349,A
2021-05-07 00:00:00 UTC,43.43782697,A
2021-05-08 00:00:00 UTC,43.07213433,A
2021-05-09 00:00:00 UTC,45.6856733,A
2021-05-10 00:00:00 UTC,44.35912616,A
2021-05-11 00:00:00 UTC,42.960486,A
2021-05-12 00:00:00 UTC,44.72439582,A
2021-05-13 00:00:00 UTC,43.62157837,A
2021-05-14 00:00:00 UTC,41.10996898,A
2021-05-15 00:00:00 UTC,42.87180003,A
2021-05-16 00:00:00 UTC,43.46242757,A
2021-05-17 00:00:00 UTC,47.17666784,A
2021-05-18 00:00:00 UTC,46.86175962,A
2021-05-19 00:00:00 UTC,56.20200903,A
2021-05-20 00:00:00 UTC,35.75884416,A
2021-05-21 00:00:00 UTC,44.52570263,A
2021-05-22 00:00:00 UTC,38.43160145,A
2021-05-23 00:00:00 UTC,31.61460189,A
2021-05-24 00:00:00 UTC,24.76763979,A
2021-05-25 00:00:00 UTC,30.98546737,A
2021-05-26 00:00:00 UTC,30.00644953,A
2021-05-27 00:00:00 UTC,35.65025364,A
2021-05-28 00:00:00 UTC,33.65934259,A
2021-05-29 00:00:00 UTC,29.02194839,A
2021-05-30 00:00:00 UTC,27.55720416,A
2021-05-31 00:00:00 UTC,28.56228743,A
2021-06-01 00:00:00 UTC,32.6621226,A
2021-06-02 00:00:00 UTC,30.98523815,A
2021-06-03 00:00:00 UTC,34.18804886,A
2021-06-04 00:00:00 UTC,39.70667545,A
2021-06-05 00:00:00 UTC,37.59916222,A
2021-06-06 00:00:00 UTC,39.34001089,A
2021-06-07 00:00:00 UTC,42.25988705,A
2021-06-08 00:00:00 UTC,38.19473237,A
2021-06-09 00:00:00 UTC,41.41714833,A
2021-06-10 00:00:00 UTC,42.07765253,A
2021-06-11 00:00:00 UTC,41.2059607,A
2021-06-12 00:00:00 UTC,36.09038097,A
2021-06-13 00:00:00 UTC,36.56837527,A
2021-06-14 00:00:00 UTC,38.8203861,A
2021-06-15 00:00:00 UTC,39.6440578,A
2021-06-16 00:00:00 UTC,39.69949998,A
2021-06-17 00:00:00 UTC,39.54766089,A
2021-06-18 00:00:00 UTC,39.32721785,A
2021-06-19 00:00:00 UTC,36.62410257,A
2021-06-20 00:00:00 UTC,35.26048478,A
2021-06-21 00:00:00 UTC,35.2842749,A
2021-06-22 00:00:00 UTC,26.59538137,A
2021-06-23 00:00:00 UTC,26.72920147,A
2021-06-24 00:00:00 UTC,30.87900373,A
2021-06-25 00:00:00 UTC,31.44053281,A
2021-06-26 00:00:00 UTC,29.23725923,A
2021-06-27 00:00:00 UTC,29.37477622,A
2021-06-28 00:00:00 UTC,31.67466281,A
2021-06-29 00:00:00 UTC,33.11418087,A
2021-06-30 00:00:00 UTC,33.92293268,A
2021-07-01 00:00:00 UTC,35.83440252,A
2021-07-02 00:00:00 UTC,33.55617113,A
2021-07-03 00:00:00 UTC,33.95890784,A
2021-07-04 00:00:00 UTC,34.46550621,A
2021-07-05 00:00:00 UTC,34.44884875,A
2021-07-06 00:00:00 UTC,33.12005545,A
2021-07-07 00:00:00 UTC,34.29123767,A
2021-07-08 00:00:00 UTC,36.65727454,A
2021-07-09 00:00:00 UTC,33.5141439,A
2021-07-10 00:00:00 UTC,33.53185263,A
2021-07-11 00:00:00 UTC,31.93920234,A
2021-07-12 00:00:00 UTC,32.12329224,A
2021-07-13 00:00:00 UTC,30.95347403,A
2021-07-14 00:00:00 UTC,29.16206823,A
2021-07-15 00:00:00 UTC,31.23600102,A
2021-07-16 00:00:00 UTC,28.32353743,A
2021-07-17 00:00:00 UTC,26.26323283,A
2021-07-18 00:00:00 UTC,26.79168755,A
2021-07-19 00:00:00 UTC,26.89393895,A
2021-07-20 00:00:00 UTC,24.81620054,A
2021-07-21 00:00:00 UTC,23.8584461,A
2021-07-22 00:00:00 UTC,26.67239697,A
2021-07-23 00:00:00 UTC,27.76297804,A
2021-07-24 00:00:00 UTC,28.37606777,A
2021-07-25 00:00:00 UTC,28.59033303,A
2021-07-26 00:00:00 UTC,28.31881777,A
2021-07-27 00:00:00 UTC,28.09669795,A
2021-07-28 00:00:00 UTC,27.95113101,A
2021-07-29 00:00:00 UTC,27.87180125,A
2021-07-30 00:00:00 UTC,31.41657633,A
2021-07-31 00:00:00 UTC,32.25269182,A
2021-08-01 00:00:00 UTC,36.24876036,A
2021-08-02 00:00:00 UTC,34.17251167,A
2021-08-03 00:00:00 UTC,33.27511835,A
2021-08-04 00:00:00 UTC,34.34012027,A
2021-08-05 00:00:00 UTC,35.9054826,A
2021-08-06 00:00:00 UTC,37.47983512,A
2021-08-07 00:00:00 UTC,39.53990292,A
2021-08-08 00:00:00 UTC,39.38262634,A
2021-08-09 00:00:00 UTC,37.66581962,A
2021-08-10 00:00:00 UTC,38.76250121,A
2021-08-11 00:00:00 UTC,40.66298981,A
2021-08-12 00:00:00 UTC,41.79949265,A
2021-08-13 00:00:00 UTC,41.19014957,A
2021-08-14 00:00:00 UTC,44.69284014,A
2021-08-15 00:00:00 UTC,44.06280237,A
2021-08-16 00:00:00 UTC,53.67834816,A
2021-08-17 00:00:00 UTC,62.27708029,A
2021-08-18 00:00:00 UTC,64.30343711,A
2021-08-19 00:00:00 UTC,74.00480196,A
2021-08-20 00:00:00 UTC,73.04851677,A
2021-08-21 00:00:00 UTC,78.44870433,A
2021-08-22 00:00:00 UTC,74.21792558,A
2021-08-23 00:00:00 UTC,73.12559206,A
2021-08-24 00:00:00 UTC,75.97033641,A
2021-08-25 00:00:00 UTC,71.21280824,A
2021-08-26 00:00:00 UTC,71.51094022,A
2021-08-27 00:00:00 UTC,76.11361964,A
2021-08-28 00:00:00 UTC,87.96820731,A
2021-08-29 00:00:00 UTC,97.06666833,A
2021-08-30 00:00:00 UTC,94.00977412,A
2021-08-31 00:00:00 UTC,109.6467328,A
2021-09-01 00:00:00 UTC,108.7063764,A
2021-09-02 00:00:00 UTC,110.8178161,A
2021-09-03 00:00:00 UTC,128.6741865,A
2021-09-04 00:00:00 UTC,146.3575945,A
2021-09-05 00:00:00 UTC,139.5940899,A
2021-09-06 00:00:00 UTC,142.1356142,A
2021-09-07 00:00:00 UTC,164.5609238,A
2021-09-08 00:00:00 UTC,173.3110953,A
2021-09-09 00:00:00 UTC,189.3444533,A
2021-09-10 00:00:00 UTC,188.2759416,A
2021-09-11 00:00:00 UTC,178.31957,A
2021-09-12 00:00:00 UTC,177.9424019,A
2021-09-13 00:00:00 UTC,174.8813207,A
2021-09-14 00:00:00 UTC,169.2773469,A
2021-09-15 00:00:00 UTC,157.3779935,A
2021-09-16 00:00:00 UTC,158.5963398,A
2021-09-17 00:00:00 UTC,151.9483411,A
2021-09-18 00:00:00 UTC,147.5843344,A
2021-09-19 00:00:00 UTC,170.109824,A
2021-09-20 00:00:00 UTC,153.3264417,A
2021-09-21 00:00:00 UTC,133.3687247,A
2021-09-22 00:00:00 UTC,122.6923886,A
2021-09-23 00:00:00 UTC,148.3293542,A
2021-09-24 00:00:00 UTC,150.3896532,A
2021-09-25 00:00:00 UTC,139.314146,A
2021-09-26 00:00:00 UTC,136.8354526,A
2021-09-27 00:00:00 UTC,135.7959331,A
2021-09-28 00:00:00 UTC,136.2595215,A
2021-09-29 00:00:00 UTC,130.6048919,A
2021-09-30 00:00:00 UTC,135.2791628,A
2021-10-01 00:00:00 UTC,141.1837465,A
2021-10-02 00:00:00 UTC,161.3740295,A
2021-10-03 00:00:00 UTC,169.2088438,A
2021-10-04 00:00:00 UTC,172.8558702,A
2021-10-05 00:00:00 UTC,167.8779097,A
2021-10-06 00:00:00 UTC,164.3692764,A
2021-10-07 00:00:00 UTC,154.0946236,A
2021-10-08 00:00:00 UTC,154.2598851,A
2021-10-09 00:00:00 UTC,158.9146111,A
2021-10-10 00:00:00 UTC,157.3354214,A
2021-10-11 00:00:00 UTC,147.6962728,A
2021-10-12 00:00:00 UTC,144.8591079,A
2021-10-13 00:00:00 UTC,152.0007883,A
2021-10-14 00:00:00 UTC,148.392054,A
2021-10-15 00:00:00 UTC,150.0913632,A
2021-10-16 00:00:00 UTC,162.9821748,A
2021-10-17 00:00:00 UTC,158.2737029,A
2021-10-18 00:00:00 UTC,159.863492,A
2021-10-19 00:00:00 UTC,157.3753249,A
2021-10-20 00:00:00 UTC,156.3906806,A
2021-10-21 00:00:00 UTC,175.6019563,A
2021-10-22 00:00:00 UTC,189.0593189,A
2021-10-23 00:00:00 UTC,197.8338997,A
2021-10-24 00:00:00 UTC,198.3069523,A
2021-10-25 00:00:00 UTC,203.165289,A
2021-10-26 00:00:00 UTC,211.1908015,A
2021-10-27 00:00:00 UTC,199.7501139,A
2021-10-28 00:00:00 UTC,183.5427496,A
2021-10-29 00:00:00 UTC,195.0862597,A
2021-10-30 00:00:00 UTC,199.7845325,A
2021-10-31 00:00:00 UTC,193.3378537,A
2021-11-01 00:00:00 UTC,202.3914472,A
2021-11-02 00:00:00 UTC,203.8142078,A
2021-11-03 00:00:00 UTC,220.6538115,A
2021-11-04 00:00:00 UTC,242.0461419,A
2021-11-05 00:00:00 UTC,249.0628857,A
2021-11-06 00:00:00 UTC,237.8894614,A
2021-11-07 00:00:00 UTC,259.2395583,A
2021-11-08 00:00:00 UTC,250.3647932,A
2021-11-09 00:00:00 UTC,248.8224987,A
2021-11-10 00:00:00 UTC,239.4204267,A
2021-11-11 00:00:00 UTC,233.0736698,A
2021-11-12 00:00:00 UTC,234.8643324,A
2021-11-13 00:00:00 UTC,229.3985573,A
2021-11-14 00:00:00 UTC,241.3348005,A
2021-11-15 00:00:00 UTC,239.5144725,A
2021-11-16 00:00:00 UTC,238.7646275,A
2021-11-17 00:00:00 UTC,220.0976416,A
2021-11-18 00:00:00 UTC,219.1055553,A
2021-11-19 00:00:00 UTC,195.0785066,A
2021-11-20 00:00:00 UTC,215.8349442,A
2021-11-21 00:00:00 UTC,218.3293997,A
2021-11-22 00:00:00 UTC,232.4411456,A
2021-11-23 00:00:00 UTC,216.3990068,A
2021-11-24 00:00:00 UTC,222.0981582,A
2021-11-25 00:00:00 UTC,205.5486528,A
2021-11-26 00:00:00 UTC,209.7921519,A
2021-11-27 00:00:00 UTC,192.1474262,A
2021-11-28 00:00:00 UTC,192.1361998,A
2021-11-29 00:00:00 UTC,200.4614195,A
2021-11-30 00:00:00 UTC,204.3504233,A
2021-12-01 00:00:00 UTC,208.7055891,A
2021-12-02 00:00:00 UTC,229.448724,A
2021-12-03 00:00:00 UTC,232.5722278,A
2021-12-04 00:00:00 UTC,212.1338853,A
2021-12-05 00:00:00 UTC,200.9413104,A
2021-12-06 00:00:00 UTC,196.5689471,A
2021-12-07 00:00:00 UTC,193.8917319,A
2021-12-08 00:00:00 UTC,190.3725711,A
2021-12-09 00:00:00 UTC,194.3011686,A
2021-12-10 00:00:00 UTC,181.7515802,A
2021-12-11 00:00:00 UTC,169.4610705,A
2021-12-12 00:00:00 UTC,171.8445647,A
2021-12-13 00:00:00 UTC,173.7351134,A
2021-12-14 00:00:00 UTC,155.0848977,A
2021-12-15 00:00:00 UTC,161.0601856,A
2021-12-16 00:00:00 UTC,178.2619338,A
2021-12-17 00:00:00 UTC,176.8055847,A
2021-12-18 00:00:00 UTC,175.7906384,A
2021-12-19 00:00:00 UTC,182.970567,A
2021-12-20 00:00:00 UTC,179.9383988,A
2021-12-21 00:00:00 UTC,174.3711587,A
2021-12-22 00:00:00 UTC,180.1260192,A
2021-12-23 00:00:00 UTC,178.5739815,A
2021-12-24 00:00:00 UTC,190.5121593,A
2021-12-25 00:00:00 UTC,190.4403687,A
2021-12-26 00:00:00 UTC,193.2892539,A
2021-12-27 00:00:00 UTC,198.1974013,A
2021-12-28 00:00:00 UTC,196.0391794,A
2021-12-29 00:00:00 UTC,178.2976992,A
2021-12-30 00:00:00 UTC,171.2723146,A
2021-12-31 00:00:00 UTC,172.5088944,A
2022-01-01 00:00:00 UTC,170.1966083,A
2022-01-02 00:00:00 UTC,178.8887976,A
2022-01-03 00:00:00 UTC,176.3214999,A
2022-01-04 00:00:00 UTC,170.5708389,A
2022-01-05 00:00:00 UTC,168.0394849,A
2022-01-06 00:00:00 UTC,155.7167066,A
2022-01-07 00:00:00 UTC,150.7236247,A
2022-01-08 00:00:00 UTC,136.6133086,A
2022-01-09 00:00:00 UTC,142.3769149,A
2022-01-10 00:00:00 UTC,140.9706902,A
2022-01-11 00:00:00 UTC,135.9821528,A
2022-01-12 00:00:00 UTC,140.2633692,A
2022-01-13 00:00:00 UTC,151.9222538,A
2022-01-14 00:00:00 UTC,146.8991625,A
2022-01-15 00:00:00 UTC,146.3128364,A
2022-01-16 00:00:00 UTC,147.70351,A
2022-01-17 00:00:00 UTC,147.9423677,A
2022-01-18 00:00:00 UTC,140.0483724,A
2022-01-19 00:00:00 UTC,141.6341441,A
2022-01-20 00:00:00 UTC,135.5936205,A
2022-01-21 00:00:00 UTC,128.5694845,A
2022-01-22 00:00:00 UTC,111.7754279,A
2022-01-23 00:00:00 UTC,94.51541078,A
2022-01-24 00:00:00 UTC,99.69162217,A
2022-01-25 00:00:00 UTC,91.91541132,A
2022-01-26 00:00:00 UTC,95.09282864,A
2022-01-27 00:00:00 UTC,92.24801292,A
2022-01-28 00:00:00 UTC,89.60158614,A
2022-01-29 00:00:00 UTC,91.42580268,A
2022-01-30 00:00:00 UTC,96.17869128,A
2022-01-31 00:00:00 UTC,93.40252903,A
2022-02-01 00:00:00 UTC,99.88984754,A
2022-02-02 00:00:00 UTC,110.1273233,A
2022-02-03 00:00:00 UTC,101.8292165,A
2022-02-04 00:00:00 UTC,100.8783203,A
2022-02-05 00:00:00 UTC,112.4807952,A
2022-02-06 00:00:00 UTC,114.3331541,A
2022-02-07 00:00:00 UTC,115.2834781,A
2022-02-08 00:00:00 UTC,117.6718731,A
2022-02-09 00:00:00 UTC,113.6974555,A
2022-02-10 00:00:00 UTC,114.3435874,A
2022-02-11 00:00:00 UTC,106.4181026,A
2022-02-12 00:00:00 UTC,96.46324431,A
2022-02-13 00:00:00 UTC,95.70003429,A
2022-02-14 00:00:00 UTC,93.36714505,A
2022-02-15 00:00:00 UTC,96.44224243,A
2022-02-16 00:00:00 UTC,104.8506967,A
2022-02-17 00:00:00 UTC,101.9561326,A
2022-02-18 00:00:00 UTC,93.40452358,A
2022-02-19 00:00:00 UTC,90.10899056,A
2022-02-20 00:00:00 UTC,91.60559214,A
2022-02-21 00:00:00 UTC,90.80316642,A
2022-02-22 00:00:00 UTC,83.14387141,A
2022-02-23 00:00:00 UTC,86.57269723,A
2022-02-24 00:00:00 UTC,85.26903088,A
2022-02-25 00:00:00 UTC,89.05132727,A
2022-02-26 00:00:00 UTC,92.73641557,A
2022-02-27 00:00:00 UTC,90.10798522,A
2022-02-28 00:00:00 UTC,85.56819667,A
2022-03-01 00:00:00 UTC,99.579174,A
2022-03-02 00:00:00 UTC,98.75845248,A
2022-03-03 00:00:00 UTC,100.7898652,A
2022-03-04 00:00:00 UTC,95.55882629,A
2022-03-05 00:00:00 UTC,88.24516285,A
2022-03-06 00:00:00 UTC,89.78895189,A
2022-03-07 00:00:00 UTC,84.63923584,A
2022-03-08 00:00:00 UTC,82.06724919,A
2022-03-09 00:00:00 UTC,82.25360674,A
2022-03-10 00:00:00 UTC,88.18505284,A
2022-03-11 00:00:00 UTC,83.02500802,A
2022-03-12 00:00:00 UTC,80.69121367,A
2022-03-13 00:00:00 UTC,81.60999773,A
2022-03-14 00:00:00 UTC,78.998182,A
2022-03-15 00:00:00 UTC,81.16870195,A
2022-03-16 00:00:00 UTC,82.94439064,A
2022-03-17 00:00:00 UTC,87.84993508,A
2022-03-18 00:00:00 UTC,87.96768776,A
2022-03-19 00:00:00 UTC,89.90595375,A
2022-03-20 00:00:00 UTC,92.40408532,A
2022-03-21 00:00:00 UTC,88.59618802,A
2022-03-22 00:00:00 UTC,88.77017295,A
2022-03-23 00:00:00 UTC,90.50413587,A
2022-03-24 00:00:00 UTC,94.91975845,A
2022-03-25 00:00:00 UTC,102.1802283,A
2022-03-26 00:00:00 UTC,98.64674268,A
2022-03-27 00:00:00 UTC,101.6412104,A
2022-03-28 00:00:00 UTC,106.9098497,A
2022-03-29 00:00:00 UTC,106.2400189,A
2022-03-30 00:00:00 UTC,111.7464465,A
2022-03-31 00:00:00 UTC,120.6985422,A
2022-04-01 00:00:00 UTC,122.7613042,A
2022-04-02 00:00:00 UTC,134.3709279,A
2022-04-03 00:00:00 UTC,132.265544,A
2022-04-04 00:00:00 UTC,136.6745408,A
2022-04-05 00:00:00 UTC,132.3449837,A
2022-04-06 00:00:00 UTC,126.6056805,A
2022-04-07 00:00:00 UTC,112.5290255,A
2022-04-08 00:00:00 UTC,118.6883951,A
2022-04-09 00:00:00 UTC,109.6914877,A
2022-04-10 00:00:00 UTC,113.0064561,A
2022-04-11 00:00:00 UTC,112.1741597,A
2022-04-12 00:00:00 UTC,99.45252532,A
2022-04-13 00:00:00 UTC,103.503035,A
2022-04-14 00:00:00 UTC,104.8444769,A
2022-04-15 00:00:00 UTC,100.7392384,A
2022-04-16 00:00:00 UTC,101.3472787,A
2022-04-17 00:00:00 UTC,102.3119259,A
2022-04-18 00:00:00 UTC,100.4425981,A
2022-04-19 00:00:00 UTC,102.2653514,A
2022-04-20 00:00:00 UTC,108.541047,A
2022-04-21 00:00:00 UTC,105.5952607,A
2022-04-22 00:00:00 UTC,101.8028817,A
2022-04-23 00:00:00 UTC,100.6391402,A
2022-04-24 00:00:00 UTC,100.7647933,A
2022-04-25 00:00:00 UTC,99.17128671,A
2022-04-26 00:00:00 UTC,101.2934426,A
2022-04-27 00:00:00 UTC,95.71302247,A
2022-04-28 00:00:00 UTC,98.36784489,A
2022-04-29 00:00:00 UTC,98.00485094,A
2022-04-30 00:00:00 UTC,94.0948408,A
2022-05-01 00:00:00 UTC,85.30298356,A
2022-05-02 00:00:00 UTC,89.73834617,A
2022-05-03 00:00:00 UTC,87.60498513,A
2022-05-04 00:00:00 UTC,85.88113183,A
2022-05-05 00:00:00 UTC,92.82061835,A
2022-05-06 00:00:00 UTC,84.62182697,A
2022-05-07 00:00:00 UTC,81.76031251,A
2022-05-08 00:00:00 UTC,79.19098012,A
2022-05-09 00:00:00 UTC,74.9224113,A
2022-05-10 00:00:00 UTC,63.59080375,A
2022-05-11 00:00:00 UTC,66.73197492,A
2022-05-12 00:00:00 UTC,50.32055765,A
2022-05-13 00:00:00 UTC,44.6490716,A
2022-05-14 00:00:00 UTC,48.60474974,A
2022-05-15 00:00:00 UTC,52.53693017,A
2022-05-16 00:00:00 UTC,58.84520718,A
2022-05-17 00:00:00 UTC,53.64872756,A
2022-05-18 00:00:00 UTC,57.41976646,A
2022-05-19 00:00:00 UTC,49.76196638,A
2022-05-20 00:00:00 UTC,52.33226407,A
2022-05-21 00:00:00 UTC,49.58463231,A
2022-05-22 00:00:00 UTC,50.34352259,A
2022-05-23 00:00:00 UTC,52.76740051,A
2022-05-24 00:00:00 UTC,49.12044024,A
2022-05-25 00:00:00 UTC,49.63679897,A
2022-05-26 00:00:00 UTC,48.05613485,A
2022-05-27 00:00:00 UTC,43.5469224,A
2022-05-28 00:00:00 UTC,40.99753816,A
2022-05-29 00:00:00 UTC,44.46481244,A
2022-05-30 00:00:00 UTC,44.92918554,A
2022-05-31 00:00:00 UTC,47.19388053,A
2022-06-01 00:00:00 UTC,45.97177875,A
2022-06-02 00:00:00 UTC,40.24040841,A
2022-06-03 00:00:00 UTC,40.88986124,A
2022-06-04 00:00:00 UTC,38.27578861,A
2022-06-05 00:00:00 UTC,38.97751186,A
2022-06-06 00:00:00 UTC,38.46322507,A
2022-06-07 00:00:00 UTC,42.41060098,A
2022-06-08 00:00:00 UTC,39.54988118,A
2022-06-09 00:00:00 UTC,38.84247541,A
2022-06-10 00:00:00 UTC,39.96829396,A
2022-06-11 00:00:00 UTC,37.08479689,A
2022-06-12 00:00:00 UTC,33.80738842,A
2022-06-13 00:00:00 UTC,30.74322702,A
2022-06-14 00:00:00 UTC,28.19296639,A
2022-06-15 00:00:00 UTC,29.71678759,A
2022-06-16 00:00:00 UTC,34.48808081,A
2022-06-17 00:00:00 UTC,30.07068349,A
2022-06-18 00:00:00 UTC,30.8727205,A
2022-06-19 00:00:00 UTC,31.81920871,A
2022-06-20 00:00:00 UTC,34.19205503,A
2022-06-21 00:00:00 UTC,35.46904236,A
2022-06-22 00:00:00 UTC,36.13937945,A
2022-06-23 00:00:00 UTC,34.2301259,A
2022-06-24 00:00:00 UTC,38.21182319,A
2022-06-25 00:00:00 UTC,42.47722028,A
2022-06-26 00:00:00 UTC,42.38637314,A
2022-06-27 00:00:00 UTC,39.49844176,A
2022-06-28 00:00:00 UTC,38.50106936,A
2022-06-29 00:00:00 UTC,35.32603359,A
2022-06-30 00:00:00 UTC,33.91501146,A
2022-07-01 00:00:00 UTC,33.31459553,A
2022-07-02 00:00:00 UTC,33.03847781,A
2022-07-03 00:00:00 UTC,33.42207503,A
2022-07-04 00:00:00 UTC,33.44782702,A
2022-07-05 00:00:00 UTC,36.77949394,A
2022-07-06 00:00:00 UTC,35.32196887,A
2022-07-07 00:00:00 UTC,37.09265793,A
2022-07-08 00:00:00 UTC,38.54666435,A
2022-07-09 00:00:00 UTC,38.59442944,A
2022-07-10 00:00:00 UTC,38.06013313,A
2022-07-11 00:00:00 UTC,36.7267359,A
2022-07-12 00:00:00 UTC,33.50915025,A
2022-07-13 00:00:00 UTC,32.81893154,A
2022-07-14 00:00:00 UTC,34.94649868,A
2022-07-15 00:00:00 UTC,37.17597728,A
2022-07-16 00:00:00 UTC,37.44045111,A
2022-07-17 00:00:00 UTC,39.60146831,A
2022-07-18 00:00:00 UTC,38.62422665,A
2022-07-19 00:00:00 UTC,43.68127821,A
2022-07-20 00:00:00 UTC,44.92662577,A
2022-07-21 00:00:00 UTC,42.19129439,A
2022-07-22 00:00:00 UTC,43.18589353,A
2022-07-23 00:00:00 UTC,40.57509236,A
2022-07-24 00:00:00 UTC,40.12586568,A
2022-07-25 00:00:00 UTC,40.98522629,A
2022-07-26 00:00:00 UTC,36.700212,A
2022-07-27 00:00:00 UTC,36.22818165,A
2022-07-28 00:00:00 UTC,40.29544931,A
2022-07-29 00:00:00 UTC,42.83121277,A
2022-07-30 00:00:00 UTC,42.13988872,A
2022-07-31 00:00:00 UTC,43.80347391,A
2022-08-01 00:00:00 UTC,42.48000309,A
2022-08-02 00:00:00 UTC,41.70142771,A
2022-08-03 00:00:00 UTC,40.21202814,A
2022-08-04 00:00:00 UTC,38.63406307,A
2022-08-05 00:00:00 UTC,38.94463728,A
2022-08-06 00:00:00 UTC,40.49691747,A
2022-08-07 00:00:00 UTC,40.17551021,A
2022-08-08 00:00:00 UTC,40.64621985,A
2022-08-09 00:00:00 UTC,42.15682314,A
2022-08-10 00:00:00 UTC,40.49015736,A
2022-08-11 00:00:00 UTC,42.2957804,A
2022-08-12 00:00:00 UTC,42.75287042,A
2022-08-13 00:00:00 UTC,45.34052505,A
2022-08-14 00:00:00 UTC,46.62762819,A
2022-08-15 00:00:00 UTC,44.97769928,A
2022-08-16 00:00:00 UTC,43.90258123,A
2022-08-17 00:00:00 UTC,43.25208387,A
2022-08-18 00:00:00 UTC,40.55628554,A
2022-08-19 00:00:00 UTC,39.61889487,A
2022-08-20 00:00:00 UTC,35.98979543,A
2022-08-21 00:00:00 UTC,35.23183017,A
2022-08-22 00:00:00 UTC,36.53272408,A
2022-08-23 00:00:00 UTC,35.48979518,A
2022-08-24 00:00:00 UTC,35.70506472,A
2022-08-25 00:00:00 UTC,34.98161284,A
2022-08-26 00:00:00 UTC,35.34736654,A
2022-08-27 00:00:00 UTC,31.78642233,A
2022-08-28 00:00:00 UTC,31.63923192,A
2022-08-29 00:00:00 UTC,30.63070825,A
2022-08-30 00:00:00 UTC,32.46762261,A
2022-08-31 00:00:00 UTC,31.46046207,A
2022-09-01 00:00:00 UTC,31.45350187,A
2022-09-02 00:00:00 UTC,31.62752045,A
2022-09-03 00:00:00 UTC,31.1964677,A
2022-09-04 00:00:00 UTC,31.0762601,A
2022-09-05 00:00:00 UTC,32.1449244,A
2022-09-06 00:00:00 UTC,32.21580983,A
2022-09-07 00:00:00 UTC,30.93257106,A
2022-09-08 00:00:00 UTC,32.75240078,A
2022-09-09 00:00:00 UTC,33.60651305,A
2022-09-10 00:00:00 UTC,34.70744693,A
2022-09-11 00:00:00 UTC,35.15110409,A
2022-09-12 00:00:00 UTC,34.90471667,A
2022-09-13 00:00:00 UTC,37.34461621,A
2022-09-14 00:00:00 UTC,33.05973267,A
2022-09-15 00:00:00 UTC,34.07101052,A
2022-09-16 00:00:00 UTC,33.06424838,A
2022-09-17 00:00:00 UTC,32.18223308,A
2022-09-18 00:00:00 UTC,33.76184564,A
2022-09-19 00:00:00 UTC,31.08875047,A
2022-09-20 00:00:00 UTC,32.71343099,A
2022-09-21 00:00:00 UTC,31.4054935,A
2022-09-22 00:00:00 UTC,30.82514946,A
2022-09-23 00:00:00 UTC,32.4679174,A
2022-09-24 00:00:00 UTC,33.71195119,A
2022-09-25 00:00:00 UTC,33.50387895,A
2022-09-26 00:00:00 UTC,32.32786924,A
2022-09-27 00:00:00 UTC,33.85239531,A
2022-09-28 00:00:00 UTC,32.76612156,A
2022-09-29 00:00:00 UTC,33.30329996,A
2022-09-30 00:00:00 UTC,33.93599567,A
2022-10-01 00:00:00 UTC,33.24966352,A
2022-10-02 00:00:00 UTC,32.45579082,A
2022-10-03 00:00:00 UTC,32.09702549,A
2022-10-04 00:00:00 UTC,32.9839333,A
2022-10-05 00:00:00 UTC,34.12979146,A
2022-10-06 00:00:00 UTC,34.09322258,A
2022-10-07 00:00:00 UTC,33.33775389,A
2022-10-08 00:00:00 UTC,32.91839238,A
2022-10-09 00:00:00 UTC,32.60000089,A
2022-10-10 00:00:00 UTC,32.90519327,A
2022-10-11 00:00:00 UTC,31.96971298,A
2022-10-12 00:00:00 UTC,30.78828822,A
2022-10-13 00:00:00 UTC,31.14122415,A
2022-10-14 00:00:00 UTC,30.58269364,A
2022-10-15 00:00:00 UTC,30.03589922,A
2022-10-16 00:00:00 UTC,29.57674364,A
2022-10-17 00:00:00 UTC,30.16691102,A
2022-10-18 00:00:00 UTC,31.24475237,A
2022-10-19 00:00:00 UTC,30.20117255,A
2022-10-20 00:00:00 UTC,28.89683789,A
2022-10-21 00:00:00 UTC,28.06621768,A
2022-10-22 00:00:00 UTC,28.10622424,A
2022-10-23 00:00:00 UTC,28.02334388,A
2022-10-24 00:00:00 UTC,29.23668869,A
2022-10-25 00:00:00 UTC,28.27000913,A
2022-10-26 00:00:00 UTC,30.94126247,A
2022-10-27 00:00:00 UTC,31.28258585,A
2022-10-28 00:00:00 UTC,30.64534002,A
2022-10-29 00:00:00 UTC,32.11387303,A
2022-10-30 00:00:00 UTC,32.839447,A
2022-10-31 00:00:00 UTC,32.90718816,A
2022-11-01 00:00:00 UTC,32.60126939,A
2022-11-02 00:00:00 UTC,32.24101117,A
2022-11-03 00:00:00 UTC,30.78836856,A
2022-11-04 00:00:00 UTC,30.82660044,A
2022-11-05 00:00:00 UTC,33.78843206,A
2022-11-06 00:00:00 UTC,36.71840211,A
2022-11-07 00:00:00 UTC,32.77319825,A
2022-11-08 00:00:00 UTC,29.5493172,A
2022-11-09 00:00:00 UTC,24.22811066,A
2022-11-10 00:00:00 UTC,14.00407006,A
2022-11-11 00:00:00 UTC,17.83559802,A
2022-11-12 00:00:00 UTC,16.62539194,A
2022-11-13 00:00:00 UTC,14.70548018,A
2022-11-14 00:00:00 UTC,13.25255722,A
2022-11-15 00:00:00 UTC,14.09661544,A
2022-11-16 00:00:00 UTC,14.35523918,A
2022-11-17 00:00:00 UTC,14.35561933,A
2022-11-18 00:00:00 UTC,13.6648684,A
2022-11-19 00:00:00 UTC,13.29763114,A
2022-11-20 00:00:00 UTC,12.88468162,A
2022-11-21 00:00:00 UTC,12.34545378,A
2022-11-22 00:00:00 UTC,11.9181341,A
2022-11-23 00:00:00 UTC,12.43518958,A
2022-11-24 00:00:00 UTC,14.41547582,A
2022-11-25 00:00:00 UTC,14.5925039,A
2022-11-26 00:00:00 UTC,14.07560537,A
2022-11-27 00:00:00 UTC,14.16518922,A
2022-11-28 00:00:00 UTC,14.10642831,A
2022-11-29 00:00:00 UTC,13.34310298,A
2022-11-30 00:00:00 UTC,13.37408533,A
2022-12-01 00:00:00 UTC,14.14710484,A
2022-12-02 00:00:00 UTC,13.50918141,A
2022-12-03 00:00:00 UTC,13.76546321,A
2022-12-04 00:00:00 UTC,13.33439707,A
2022-12-05 00:00:00 UTC,13.77680996,A
2022-12-06 00:00:00 UTC,13.87360844,A
2022-12-07 00:00:00 UTC,14.29770788,A
2022-12-08 00:00:00 UTC,13.53682603,A
2022-12-09 00:00:00 UTC,13.69315435,A
2022-12-10 00:00:00 UTC,13.61294225,A
2022-12-11 00:00:00 UTC,13.58588106,A
2022-12-12 00:00:00 UTC,13.43947529,A
2022-12-13 00:00:00 UTC,13.32395678,A
2022-12-14 00:00:00 UTC,13.82805931,A
2022-12-15 00:00:00 UTC,14.14913261,A
2022-12-16 00:00:00 UTC,13.994455,A
2022-12-17 00:00:00 UTC,12.27226283,A
2022-12-18 00:00:00 UTC,12.52581507,A
2022-12-19 00:00:00 UTC,12.41658046,A
2022-12-20 00:00:00 UTC,11.93566235,A
2022-12-21 00:00:00 UTC,12.28054982,A
2022-12-22 00:00:00 UTC,12.11942878,A
2022-12-23 00:00:00 UTC,11.79471229,A
2022-12-24 00:00:00 UTC,11.80055494,A
2022-12-25 00:00:00 UTC,11.47031969,A
2022-12-26 00:00:00 UTC,11.40096665,A
2022-12-27 00:00:00 UTC,11.30130647,A
2022-12-28 00:00:00 UTC,11.0803489,A
2022-12-29 00:00:00 UTC,9.770824846,A
2022-12-30 00:00:00 UTC,9.59779522,A
2022-12-31 00:00:00 UTC,9.888231244,A
2023-01-01 00:00:00 UTC,9.961462943,A
2023-01-02 00:00:00 UTC,9.973949403,A
2023-01-03 00:00:00 UTC,11.26637743,A
2023-01-04 00:00:00 UTC,13.35539239,A
2023-01-05 00:00:00 UTC,13.4562927,A
2023-01-06 00:00:00 UTC,13.43848018,A
2023-01-07 00:00:00 UTC,13.52449342,A
2023-01-08 00:00:00 UTC,13.08890415,A
2023-01-09 00:00:00 UTC,14.36607115,A
2023-01-10 00:00:00 UTC,16.30229978,A
2023-01-11 00:00:00 UTC,16.20319361,A
2023-01-12 00:00:00 UTC,16.46340403,A
2023-01-13 00:00:00 UTC,16.61574769,A
2023-01-14 00:00:00 UTC,18.27973459,A
2023-01-15 00:00:00 UTC,24.30286202,A
2023-01-16 00:00:00 UTC,22.83752329,A
2023-01-17 00:00:00 UTC,23.58595195,A
2023-01-18 00:00:00 UTC,22.88158744,A
2023-01-19 00:00:00 UTC,20.85763435,A
2023-01-20 00:00:00 UTC,21.41456003,A
2023-01-21 00:00:00 UTC,25.57583487,A
2023-01-22 00:00:00 UTC,24.66528659,A
2023-01-23 00:00:00 UTC,24.2718349,A
2023-01-24 00:00:00 UTC,24.42662802,A
2023-01-25 00:00:00 UTC,22.78934008,A
2023-01-26 00:00:00 UTC,24.66040315,A
2023-01-27 00:00:00 UTC,24.36322902,A
2023-01-28 00:00:00 UTC,24.41374757,A
2023-01-29 00:00:00 UTC,23.98617581,A
2023-01-30 00:00:00 UTC,26.17767636,A
2023-01-31 00:00:00 UTC,23.96333534,A
2023-02-01 00:00:00 UTC,23.96139132,A
2023-02-02 00:00:00 UTC,24.98330584,A
2023-02-03 00:00:00 UTC,24.31948996,A
2023-02-04 00:00:00 UTC,24.686497,A
2023-02-05 00:00:00 UTC,24.35202066,A
2023-02-06 00:00:00 UTC,23.51363191,A
2023-02-07 00:00:00 UTC,22.71695247,A
2023-02-08 00:00:00 UTC,23.90420986,A
2023-02-09 00:00:00 UTC,23.20655514,A
2023-02-10 00:00:00 UTC,20.43768298,A
2023-02-11 00:00:00 UTC,20.12384393,A
2023-02-12 00:00:00 UTC,20.84493733,A
2023-02-13 00:00:00 UTC,21.44076791,A
2023-02-14 00:00:00 UTC,20.78474471,A
2023-02-15 00:00:00 UTC,21.84521832,A
2023-02-16 00:00:00 UTC,23.88919594,A
2023-02-17 00:00:00 UTC,22.34460085,A
2023-02-18 00:00:00 UTC,23.19397076,A
2023-02-19 00:00:00 UTC,23.45134176,A
2023-02-20 00:00:00 UTC,24.81053403,A
2023-02-21 00:00:00 UTC,26.03500765,A
2023-02-22 00:00:00 UTC,24.92100976,A
2023-02-23 00:00:00 UTC,24.17008034,A
2023-02-24 00:00:00 UTC,23.92438703,A
2023-02-25 00:00:00 UTC,23.0583527,A
2023-02-26 00:00:00 UTC,22.41035441,A
2023-02-27 00:00:00 UTC,23.23091307,A
2023-02-28 00:00:00 UTC,22.69357814,A
2023-03-01 00:00:00 UTC,21.91575068,A
2023-03-02 00:00:00 UTC,22.50579765,A
2023-03-03 00:00:00 UTC,21.97401656,A
2023-03-04 00:00:00 UTC,21.40676923,A
2023-03-05 00:00:00 UTC,20.95553467,A
2023-03-06 00:00:00 UTC,21.00257068,A
2023-03-07 00:00:00 UTC,20.63096433,A
2023-03-08 00:00:00 UTC,20.27274216,A
2023-03-09 00:00:00 UTC,18.42791643,A
2023-03-10 00:00:00 UTC,17.33306212,A
2023-03-11 00:00:00 UTC,18.21269819,A
2023-03-12 00:00:00 UTC,18.06848161,A
2023-03-13 00:00:00 UTC,20.33815688,A
2023-03-14 00:00:00 UTC,20.37708065,A
2023-03-15 00:00:00 UTC,20.97993476,A
2023-03-16 00:00:00 UTC,19.33640003,A
2023-03-17 00:00:00 UTC,19.83281186,A
2023-03-18 00:00:00 UTC,21.64462764,A
2023-03-19 00:00:00 UTC,21.31746257,A
2023-03-20 00:00:00 UTC,22.02211123,A
2023-03-21 00:00:00 UTC,22.32202408,A
2023-03-22 00:00:00 UTC,22.74020635,A
2023-03-23 00:00:00 UTC,21.57806807,A
2023-03-24 00:00:00 UTC,22.30615532,A
2023-03-25 00:00:00 UTC,20.77377095,A
2023-03-26 00:00:00 UTC,20.59369886,A
2023-03-27 00:00:00 UTC,20.98228938,A
2023-03-28 00:00:00 UTC,19.95754021,A
2023-03-29 00:00:00 UTC,20.49934052,A
2023-03-30 00:00:00 UTC,21.13233391,A
2023-03-31 00:00:00 UTC,20.57440478,A
2023-04-01 00:00:00 UTC,21.20540185,A
2023-04-02 00:00:00 UTC,21.08350022,A
2023-04-03 00:00:00 UTC,20.56543937,A
2023-04-04 00:00:00 UTC,20.4366903,A
2023-04-05 00:00:00 UTC,20.92110064,A
2023-04-06 00:00:00 UTC,20.98237436,A
2023-04-07 00:00:00 UTC,20.60900253,A
2023-04-08 00:00:00 UTC,20.4837853,A
2023-04-09 00:00:00 UTC,20.0425813,A
2023-04-10 00:00:00 UTC,20.30433669,A
2023-04-11 00:00:00 UTC,20.87512315,A
2023-04-12 00:00:00 UTC,23.00565469,A
2023-04-13 00:00:00 UTC,23.83053267,A
2023-04-14 00:00:00 UTC,24.42771025,A
2023-04-15 00:00:00 UTC,24.773714,A
2023-04-16 00:00:00 UTC,24.07608697,A
2023-04-17 00:00:00 UTC,25.29576468,A
2023-04-18 00:00:00 UTC,24.58247227,A
2023-04-19 00:00:00 UTC,24.82883196,A
2023-04-20 00:00:00 UTC,22.66921835,A
2023-04-21 00:00:00 UTC,22.17878507,A
2023-04-22 00:00:00 UTC,21.25632998,A
2023-04-23 00:00:00 UTC,21.85149833,A
2023-04-24 00:00:00 UTC,21.49927295,A
2023-04-25 00:00:00 UTC,21.38812362,A
2023-04-26 00:00:00 UTC,21.93961247,A
2023-04-27 00:00:00 UTC,21.25624753,A
2023-04-28 00:00:00 UTC,22.33786402,A
2023-04-29 00:00:00 UTC,23.37481819,A
2023-04-30 00:00:00 UTC,23.12840167,A
2023-05-01 00:00:00 UTC,22.99832162,A
2023-05-02 00:00:00 UTC,22.00748575,A
2023-05-03 00:00:00 UTC,22.26282466,A
2023-05-04 00:00:00 UTC,22.21964186,A
2023-05-05 00:00:00 UTC,21.74180097,A
2023-05-06 00:00:00 UTC,22.81860623,A
2023-05-07 00:00:00 UTC,21.98670641,A
2023-05-08 00:00:00 UTC,22.00245229,A
2023-05-09 00:00:00 UTC,20.65668464,A
2023-05-10 00:00:00 UTC,20.65698117,A
2023-05-11 00:00:00 UTC,20.97570463,A
2023-05-12 00:00:00 UTC,20.25440267,A
2023-05-13 00:00:00 UTC,20.9201623,A
2023-05-14 00:00:00 UTC,20.89958267,A
2023-05-15 00:00:00 UTC,20.93696154,A
2023-05-16 00:00:00 UTC,21.03774829,A
2023-05-17 00:00:00 UTC,20.68621272,A
2023-05-18 00:00:00 UTC,21.05820536,A
2023-05-19 00:00:00 UTC,20.34519579,A
2023-05-20 00:00:00 UTC,20.35152685,A
2023-05-21 00:00:00 UTC,20.26968481,A
2023-05-22 00:00:00 UTC,19.63080078,A
2023-05-23 00:00:00 UTC,19.55876279,A
2023-05-24 00:00:00 UTC,20.04690939,A
2023-05-25 00:00:00 UTC,19.21432313,A
2023-05-26 00:00:00 UTC,19.2561447,A
2023-05-27 00:00:00 UTC,19.36699951,A
2023-05-28 00:00:00 UTC,20.4052316,A
2023-05-29 00:00:00 UTC,20.81512282,A
2023-05-30 00:00:00 UTC,20.57365784,A
2023-05-31 00:00:00 UTC,21.2483874,A
2023-06-01 00:00:00 UTC,20.82042687,A
2023-06-02 00:00:00 UTC,20.51288856,A
2023-06-03 00:00:00 UTC,21.25712617,A
2023-06-04 00:00:00 UTC,21.14820627,A
2023-06-05 00:00:00 UTC,21.86975012,A
2023-06-06 00:00:00 UTC,20.08249726,A
2023-06-07 00:00:00 UTC,20.39931637,A
2023-06-08 00:00:00 UTC,18.64940911,A
2023-06-09 00:00:00 UTC,18.91886786,A
2023-06-10 00:00:00 UTC,17.31985205,A
2023-06-11 00:00:00 UTC,15.71229103,A
2023-06-12 00:00:00 UTC,15.55216572,A
2023-06-13 00:00:00 UTC,15.21912144,A
2023-06-14 00:00:00 UTC,14.99608414,A
2023-06-15 00:00:00 UTC,14.51189132,A
2023-06-16 00:00:00 UTC,14.74177483,A
2023-06-17 00:00:00 UTC,15.30565284,A
2023-06-18 00:00:00 UTC,15.62635427,A
2023-06-19 00:00:00 UTC,15.43448523,A
2023-06-20 00:00:00 UTC,16.03876225,A
2023-06-21 00:00:00 UTC,16.6251434,A
2023-06-22 00:00:00 UTC,17.26320209,A
2023-06-23 00:00:00 UTC,16.64539258,A
2023-06-24 00:00:00 UTC,17.10092759,A
2023-06-25 00:00:00 UTC,16.63062758,A
2023-06-26 00:00:00 UTC,16.96011971,A
2023-06-27 00:00:00 UTC,16.2840128,A
2023-06-28 00:00:00 UTC,16.6040875,A
2023-06-29 00:00:00 UTC,15.99642474,A
2023-06-30 00:00:00 UTC,17.9984398,A
2023-07-01 00:00:00 UTC,18.93035985,A
2023-07-02 00:00:00 UTC,18.6127697,A
2023-07-03 00:00:00 UTC,19.44673333,A
2023-07-04 00:00:00 UTC,19.20521438,A
2023-07-05 00:00:00 UTC,19.21895887,A
2023-07-06 00:00:00 UTC,18.97215111,A
2023-07-07 00:00:00 UTC,19.91904778,A
2023-07-08 00:00:00 UTC,21.43877643,A
2023-07-09 00:00:00 UTC,21.89670111,A
2023-07-10 00:00:00 UTC,21.35139738,A
2023-07-11 00:00:00 UTC,21.30264713,A
2023-07-12 00:00:00 UTC,22.06823399,A
2023-07-13 00:00:00 UTC,21.9976278,A
2023-07-14 00:00:00 UTC,25.99036847,A
2023-07-15 00:00:00 UTC,26.70837143,A
2023-07-16 00:00:00 UTC,27.35137594,A
2023-07-17 00:00:00 UTC,27.36508,A
2023-07-18 00:00:00 UTC,26.86179804,A
2023-07-19 00:00:00 UTC,25.52617639,A
2023-07-20 00:00:00 UTC,26.35331168,A
2023-07-21 00:00:00 UTC,25.33506932,A
2023-07-22 00:00:00 UTC,25.58951,A
2023-07-23 00:00:00 UTC,24.45678468,A
2023-07-24 00:00:00 UTC,24.77370351,A
2023-07-25 00:00:00 UTC,23.42263357,A
2023-07-26 00:00:00 UTC,23.26771663,A
2023-07-27 00:00:00 UTC,25.15198784,A
2023-07-28 00:00:00 UTC,25.09348805,A
2023-07-29 00:00:00 UTC,24.82580397,A
2023-07-30 00:00:00 UTC,25.16504797,A
2023-07-31 00:00:00 UTC,24.26678436,A
2023-08-01 00:00:00 UTC,23.75665878,A
2023-08-02 00:00:00 UTC,23.92554656,A
2023-08-03 00:00:00 UTC,23.13481266,A
2023-08-04 00:00:00 UTC,22.65445194,A
2023-08-05 00:00:00 UTC,22.80992032,A
2023-08-06 00:00:00 UTC,22.62509187,A
2023-08-07 00:00:00 UTC,23.16031151,A
2023-08-08 00:00:00 UTC,23.05200018,A
2023-08-09 00:00:00 UTC,24.20381682,A
2023-08-10 00:00:00 UTC,24.38461025,A
2023-08-11 00:00:00 UTC,24.61887321,A
2023-08-12 00:00:00 UTC,24.57980986,A
2023-08-13 00:00:00 UTC,24.89181907,A
2023-08-14 00:00:00 UTC,24.22329401,A
2023-08-15 00:00:00 UTC,25.14772488,A
2023-08-16 00:00:00 UTC,23.87564132,A
2023-08-17 00:00:00 UTC,22.8463677,A
2023-08-18 00:00:00 UTC,21.6469618,A
2023-08-19 00:00:00 UTC,21.33019624,A
2023-08-20 00:00:00 UTC,21.87833024,A
2023-08-21 00:00:00 UTC,21.7475371,A
2023-08-22 00:00:00 UTC,21.20210915,A
2023-08-23 00:00:00 UTC,20.55389206,A
2023-08-24 00:00:00 UTC,21.67255853,A
2023-08-25 00:00:00 UTC,21.02615202,A
2023-08-26 00:00:00 UTC,20.39283453,A
2023-08-27 00:00:00 UTC,20.27381527,A
2023-08-28 00:00:00 UTC,20.78118714,A
2023-08-29 00:00:00 UTC,20.56254014,A
2023-08-30 00:00:00 UTC,21.75688982,A
2023-08-31 00:00:00 UTC,20.84093889,A
2023-09-01 00:00:00 UTC,19.73118602,A
2023-09-02 00:00:00 UTC,19.33938754,A
2023-09-03 00:00:00 UTC,19.46854294,A
2023-09-04 00:00:00 UTC,19.57639006,A
2023-09-05 00:00:00 UTC,19.49190583,A
2023-09-06 00:00:00 UTC,20.27046238,A
2023-09-07 00:00:00 UTC,19.62503443,A
2023-09-08 00:00:00 UTC,19.8878865,A
2023-09-09 00:00:00 UTC,19.595985,A
2023-09-10 00:00:00 UTC,19.44047978,A
2023-09-11 00:00:00 UTC,18.24155998,A
2023-09-12 00:00:00 UTC,17.70512986,A
2023-09-13 00:00:00 UTC,17.94444618,A
2023-09-14 00:00:00 UTC,18.40357335,A
2023-09-15 00:00:00 UTC,18.82990059,A
2023-09-16 00:00:00 UTC,19.17312183,A
2023-09-17 00:00:00 UTC,19.12690279,A
2023-09-18 00:00:00 UTC,18.80311282,A
2023-09-19 00:00:00 UTC,19.64014703,A
2023-09-20 00:00:00 UTC,20.04209873,A
2023-09-21 00:00:00 UTC,20.2872479,A
2023-09-22 00:00:00 UTC,19.47011769,A
2023-09-23 00:00:00 UTC,19.43772652,A
2023-09-24 00:00:00 UTC,19.47116415,A
2023-09-25 00:00:00 UTC,19.35175207,A
2023-09-26 00:00:00 UTC,19.39488105,A
2023-09-27 00:00:00 UTC,19.01708702,A
2023-09-28 00:00:00 UTC,19.12786529,A
2023-09-29 00:00:00 UTC,19.9462033,A
2023-09-30 00:00:00 UTC,20.29416136,A
2023-10-01 00:00:00 UTC,21.38705243,A
2023-10-02 00:00:00 UTC,23.88149631,A
2023-10-03 00:00:00 UTC,23.40994676,A
2023-10-04 00:00:00 UTC,23.54663657,A
2023-10-05 00:00:00 UTC,23.14279024,A
2023-10-06 00:00:00 UTC,22.71991697,A
2023-10-07 00:00:00 UTC,23.43163795,A
2023-10-08 00:00:00 UTC,23.29382029,A
2023-10-09 00:00:00 UTC,23.24916669,A
2023-10-10 00:00:00 UTC,22.11144636,A
2023-10-11 00:00:00 UTC,22.10708097,A
2023-10-12 00:00:00 UTC,21.96097231,A
2023-10-13 00:00:00 UTC,21.26544011,A
2023-10-14 00:00:00 UTC,21.82647376,A
2023-10-15 00:00:00 UTC,22.00456614,A
2023-10-16 00:00:00 UTC,21.9162317,A
2023-10-17 00:00:00 UTC,23.98138194,A
2023-10-18 00:00:00 UTC,23.97105612,A
2023-10-19 00:00:00 UTC,23.43405778,A
2023-10-20 00:00:00 UTC,24.94267666,A
2023-10-21 00:00:00 UTC,27.03455791,A
2023-10-22 00:00:00 UTC,29.35557334,A
2023-10-23 00:00:00 UTC,29.02138704,A
2023-10-24 00:00:00 UTC,31.73658327,A
2023-10-25 00:00:00 UTC,30.13399493,A
2023-10-26 00:00:00 UTC,32.40532309,A
2023-10-27 00:00:00 UTC,32.71431713,A
2023-10-28 00:00:00 UTC,31.76543443,A
2023-10-29 00:00:00 UTC,31.64680767,A
2023-10-30 00:00:00 UTC,32.81601052,A
2023-10-31 00:00:00 UTC,34.95699301,A
2023-11-01 00:00:00 UTC,38.48164731,A
2023-11-02 00:00:00 UTC,41.41420828,A
2023-11-03 00:00:00 UTC,40.14603359,A
2023-11-04 00:00:00 UTC,39.51759751,A
2023-11-05 00:00:00 UTC,42.24723967,A
2023-11-06 00:00:00 UTC,41.24303597,A
2023-11-07 00:00:00 UTC,42.09354075,A
2023-11-08 00:00:00 UTC,43.1099204,A
2023-11-09 00:00:00 UTC,43.24925748,A
2023-11-10 00:00:00 UTC,45.35805433,A
2023-11-11 00:00:00 UTC,56.67275174,A
2023-11-12 00:00:00 UTC,56.46969151,A
2023-11-13 00:00:00 UTC,55.96301542,A
2023-11-14 00:00:00 UTC,52.21016127,A
2023-11-15 00:00:00 UTC,56.847244,A
2023-11-16 00:00:00 UTC,65.4211825,A
2023-11-17 00:00:00 UTC,57.8593655,A
2023-11-18 00:00:00 UTC,58.08749906,A
2023-11-19 00:00:00 UTC,58.43785105,A
2023-11-20 00:00:00 UTC,61.4682209,A
2023-11-21 00:00:00 UTC,56.38756122,A
2023-11-22 00:00:00 UTC,52.03847144,A
2023-11-23 00:00:00 UTC,57.63985489,A
2023-11-24 00:00:00 UTC,56.62568194,A
2023-11-25 00:00:00 UTC,56.87305815,A
2023-11-26 00:00:00 UTC,58.81319665,A
2023-11-27 00:00:00 UTC,57.65563041,A
2023-11-28 00:00:00 UTC,55.12228633,A
2023-11-29 00:00:00 UTC,58.21650838,A
2023-11-30 00:00:00 UTC,59.13238407,A
2023-12-01 00:00:00 UTC,59.17998718,A
2023-12-02 00:00:00 UTC,59.82358486,A
2023-12-03 00:00:00 UTC,63.54188842,A
2023-12-04 00:00:00 UTC,63.01699564,A
2023-12-05 00:00:00 UTC,61.5512593,A
2023-12-06 00:00:00 UTC,60.90256089,A
2023-12-07 00:00:00 UTC,62.23204453,A
2023-12-08 00:00:00 UTC,67.69386461,A
2023-12-09 00:00:00 UTC,74.84216402,A
2023-12-10 00:00:00 UTC,72.42222407,A
2023-12-11 00:00:00 UTC,74.42357981,A
2023-12-12 00:00:00 UTC,70.20241559,A
2023-12-13 00:00:00 UTC,68.52923871,A
2023-12-14 00:00:00 UTC,70.73839653,A
2023-12-15 00:00:00 UTC,75.65588801,A
2023-12-16 00:00:00 UTC,72.61814383,A
2023-12-17 00:00:00 UTC,73.38959657,A
2023-12-18 00:00:00 UTC,71.09304613,A
2023-12-19 00:00:00 UTC,74.34092712,A
2023-12-20 00:00:00 UTC,72.61144991,A
2023-12-21 00:00:00 UTC,82.0985259,A
2023-12-22 00:00:00 UTC,93.93807649,A
2023-12-23 00:00:00 UTC,98.07800224,A
2023-12-24 00:00:00 UTC,107.6398172,A
2023-12-25 00:00:00 UTC,112.4483584,A
2023-12-26 00:00:00 UTC,121.4465933,A
2023-12-27 00:00:00 UTC,112.3255161,A
2023-12-28 00:00:00 UTC,106.9770541,A
2023-12-29 00:00:00 UTC,102.2538248,A
2023-12-30 00:00:00 UTC,106.2525607,A
2023-12-31 00:00:00 UTC,101.9888354,A
2024-01-01 00:00:00 UTC,101.3331784,A
2024-01-02 00:00:00 UTC,109.4440816,A
2024-01-03 00:00:00 UTC,106.6631735,A
2024-01-04 00:00:00 UTC,98.61862563,A
2024-01-05 00:00:00 UTC,104.8407815,A
2024-01-06 00:00:00 UTC,99.79527781,A
2024-01-07 00:00:00 UTC,93.67595831,A
2024-01-08 00:00:00 UTC,88.92454619,A
2024-01-09 00:00:00 UTC,97.65874169,A
2024-01-10 00:00:00 UTC,98.75151373,A
2024-01-11 00:00:00 UTC,102.4134818,A
2024-01-12 00:00:00 UTC,99.9859088,A
2024-01-13 00:00:00 UTC,91.49974929,A
2024-01-14 00:00:00 UTC,95.63334727,A
2024-01-15 00:00:00 UTC,94.11863591,A
2024-01-16 00:00:00 UTC,94.39674016,A
2024-01-17 00:00:00 UTC,97.55676427,A
2024-01-18 00:00:00 UTC,101.5012596,A
2024-01-19 00:00:00 UTC,94.28013187,A
2024-01-20 00:00:00 UTC,93.32520106,A
2024-01-21 00:00:00 UTC,92.589764,A
2024-01-22 00:00:00 UTC,91.16235591,A
2024-01-23 00:00:00 UTC,83.43623261,A
2024-01-24 00:00:00 UTC,84.09771205,A
2024-01-25 00:00:00 UTC,88.97403797,A
2024-01-26 00:00:00 UTC,86.98335038,A
2024-01-27 00:00:00 UTC,92.36475146,A
2024-01-28 00:00:00 UTC,94.07418621,A
2024-01-29 00:00:00 UTC,95.96656619,A
2024-01-30 00:00:00 UTC,101.4199963,A
2024-01-31 00:00:00 UTC,101.4911229,A
2024-02-01 00:00:00 UTC,96.93179951,A
2024-02-02 00:00:00 UTC,97.79003124,A
2024-02-03 00:00:00 UTC,100.4654806,A
2024-02-04 00:00:00 UTC,97.7671381,A
2024-02-05 00:00:00 UTC,95.47210966,A
2024-02-06 00:00:00 UTC,95.66801934,A
2024-02-07 00:00:00 UTC,96.91999535,A
2024-02-08 00:00:00 UTC,100.8620198,A
2024-02-09 00:00:00 UTC,102.9036686,A
2024-02-10 00:00:00 UTC,107.0340359,A
2024-02-11 00:00:00 UTC,108.9914614,A
2024-02-12 00:00:00 UTC,107.4238125,A
2024-02-13 00:00:00 UTC,112.0368182,A
2024-02-14 00:00:00 UTC,112.5991116,A
2024-02-15 00:00:00 UTC,116.9761066,A
2024-02-16 00:00:00 UTC,113.5993943,A
2024-02-17 00:00:00 UTC,110.5015506,A
2024-02-18 00:00:00 UTC,108.9285102,A
2024-02-19 00:00:00 UTC,112.2154163,A
2024-02-20 00:00:00 UTC,111.2780886,A
2024-02-21 00:00:00 UTC,108.5641208,A
2024-02-22 00:00:00 UTC,105.3426338,A
2024-02-23 00:00:00 UTC,102.0417797,A
2024-02-24 00:00:00 UTC,100.0919494,A
2024-02-25 00:00:00 UTC,104.1887259,A
2024-02-26 00:00:00 UTC,103.438624,A
2024-02-27 00:00:00 UTC,109.8450974,A
2024-02-28 00:00:00 UTC,108.1769626,A
2024-02-29 00:00:00 UTC,117.4302841,A
2024-03-01 00:00:00 UTC,125.6818168,A
2024-03-02 00:00:00 UTC,130.0470586,A
2024-03-03 00:00:00 UTC,129.8816532,A
2024-03-04 00:00:00 UTC,130.3061197,A
2024-03-05 00:00:00 UTC,133.3237156,A
2024-03-06 00:00:00 UTC,126.3911234,A
2024-03-07 00:00:00 UTC,130.6670642,A
2024-03-08 00:00:00 UTC,144.1050326,A
2024-03-09 00:00:00 UTC,145.191461,A
2024-03-10 00:00:00 UTC,144.8171485,A
2024-03-11 00:00:00 UTC,144.2577156,A
2024-03-12 00:00:00 UTC,148.7932794,A
2024-03-13 00:00:00 UTC,150.7298693,A
2024-03-14 00:00:00 UTC,163.6257965,A
2024-03-15 00:00:00 UTC,176.2229997,A
2024-03-16 00:00:00 UTC,183.9242835,A
2024-03-17 00:00:00 UTC,180.8017384,A
2024-03-18 00:00:00 UTC,202.5189119,A
2024-03-19 00:00:00 UTC,196.3452934,A
2024-03-20 00:00:00 UTC,169.5975563,A
2024-03-21 00:00:00 UTC,191.4418781,A
2024-03-22 00:00:00 UTC,179.5544644,A
2024-03-23 00:00:00 UTC,173.4556363,A
2024-03-24 00:00:00 UTC,173.4537726,A
2024-03-25 00:00:00 UTC,184.0218642,A
2024-03-26 00:00:00 UTC,188.9968547,A
2024-03-27 00:00:00 UTC,191.2361451,A
2024-03-28 00:00:00 UTC,186.1389438,A
2024-03-29 00:00:00 UTC,189.5749906,A
2024-03-30 00:00:00 UTC,192.0272659,A
2024-03-31 00:00:00 UTC,194.4810436,A
2024-04-01 00:00:00 UTC,202.8143254,A
2024-04-02 00:00:00 UTC,192.7252499,A
2024-04-03 00:00:00 UTC,181.4409434,A
2024-04-04 00:00:00 UTC,185.5111628,A
2024-04-05 00:00:00 UTC,183.8214632,A
2024-04-06 00:00:00 UTC,175.1681634,A
2024-04-07 00:00:00 UTC,178.9597036,A
2024-04-08 00:00:00 UTC,179.5821875,A
2024-04-09 00:00:00 UTC,180.6428734,A
2024-04-10 00:00:00 UTC,172.5466374,A
2024-04-11 00:00:00 UTC,173.1219606,A
2024-04-12 00:00:00 UTC,172.696159,A
2024-04-13 00:00:00 UTC,153.7682812,A
2024-04-14 00:00:00 UTC,140.1811506,A
2024-04-15 00:00:00 UTC,151.5467224,A
2024-04-16 00:00:00 UTC,138.4138491,A
2024-04-17 00:00:00 UTC,136.4160492,A
2024-04-18 00:00:00 UTC,132.5311508,A
2024-04-19 00:00:00 UTC,142.1317167,A
2024-04-20 00:00:00 UTC,143.2449663,A
2024-04-21 00:00:00 UTC,150.5170929,A
2024-04-22 00:00:00 UTC,148.7414631,A
2024-04-23 00:00:00 UTC,156.9921721,A
2024-04-24 00:00:00 UTC,154.6938577,A
2024-04-25 00:00:00 UTC,147.7450932,A
2024-04-26 00:00:00 UTC,144.9879292,A
2024-04-27 00:00:00 UTC,139.2590067,A
2024-04-28 00:00:00 UTC,141.5818088,A
2024-04-29 00:00:00 UTC,137.7178847,A
2024-04-30 00:00:00 UTC,137.6714796,A
2024-05-01 00:00:00 UTC,127.0390831,A
2024-05-02 00:00:00 UTC,134.7536213,A
2024-05-03 00:00:00 UTC,137.9156487,A
2024-05-04 00:00:00 UTC,143.549873,A
2024-05-05 00:00:00 UTC,146.1110432,A
2024-05-06 00:00:00 UTC,145.6857127,A
2024-05-07 00:00:00 UTC,152.6548634,A
2024-05-08 00:00:00 UTC,148.1869772,A
2024-05-09 00:00:00 UTC,142.5160198,A
2024-05-10 00:00:00 UTC,152.7255471,A
2024-05-11 00:00:00 UTC,146.3104979,A
2024-05-12 00:00:00 UTC,145.3083544,A
2024-05-13 00:00:00 UTC,143.5873157,A
2024-05-14 00:00:00 UTC,147.1446622,A
2024-05-15 00:00:00 UTC,142.0844865,A
2024-05-16 00:00:00 UTC,158.013128,A
2024-05-17 00:00:00 UTC,159.1453385,A
2024-05-18 00:00:00 UTC,169.499707,A
2024-05-19 00:00:00 UTC,172.4508394,A
2024-05-20 00:00:00 UTC,170.0673475,A
2024-05-21 00:00:00 UTC,186.3249227,A
2024-05-22 00:00:00 UTC,178.1744919,A
2024-05-23 00:00:00 UTC,176.8688476,A
2024-05-24 00:00:00 UTC,176.0640592,A
2024-05-25 00:00:00 UTC,167.766878,A
2024-05-26 00:00:00 UTC,168.3697915,A
2024-05-27 00:00:00 UTC,163.3585997,A
2024-05-28 00:00:00 UTC,169.8144254,A
2024-05-29 00:00:00 UTC,168.7505577,A
2024-05-30 00:00:00 UTC,168.1354694,A
2024-05-31 00:00:00 UTC,167.0144733,A
2024-06-01 00:00:00 UTC,165.9135303,A
2024-06-02 00:00:00 UTC,165.963235,A
2024-06-03 00:00:00 UTC,163.1185409,A
2024-06-04 00:00:00 UTC,164.8125495,A
2024-06-05 00:00:00 UTC,171.7281286,A
2024-06-06 00:00:00 UTC,173.7695715,A
2024-06-07 00:00:00 UTC,170.3727199,A
2024-06-08 00:00:00 UTC,162.453205,A
2024-06-09 00:00:00 UTC,158.1807505,A
2024-06-10 00:00:00 UTC,162.0637094,A
2024-06-11 00:00:00 UTC,158.8863716,A
2024-06-12 00:00:00 UTC,149.3018439,A
2024-06-13 00:00:00 UTC,154.8570424,A
2024-06-14 00:00:00 UTC,147.2346843,A
2024-06-15 00:00:00 UTC,143.0214313,A
2024-06-16 00:00:00 UTC,145.2819011,A
2024-06-17 00:00:00 UTC,150.6556032,A
2024-06-18 00:00:00 UTC,143.2019794,A
2024-06-19 00:00:00 UTC,137.4629937,A
2024-06-20 00:00:00 UTC,135.403094,A
2024-06-21 00:00:00 UTC,133.4425694,A
2024-06-22 00:00:00 UTC,134.5132949,A
2024-06-23 00:00:00 UTC,133.4860847,A
2024-06-24 00:00:00 UTC,128.5402817,A
2024-06-25 00:00:00 UTC,132.3377866,A
2024-06-26 00:00:00 UTC,136.513745,A
2024-06-27 00:00:00 UTC,136.4415134,A
2024-06-28 00:00:00 UTC,149.2307542,A
2024-06-29 00:00:00 UTC,139.7259471,A
2024-06-30 00:00:00 UTC,139.8668985,A
2024-07-01 00:00:00 UTC,146.4286964,A
2024-07-02 00:00:00 UTC,146.3473778,A
2024-07-03 00:00:00 UTC,153.6392245,A
2024-07-04 00:00:00 UTC,140.724201,A
2024-07-05 00:00:00 UTC,127.9348453,A
2024-07-06 00:00:00 UTC,134.4198541,A
2024-07-07 00:00:00 UTC,143.1010931,A
2024-07-08 00:00:00 UTC,131.853044,A
2024-07-09 00:00:00 UTC,139.317688,A
2024-07-10 00:00:00 UTC,141.4570668,A
2024-07-11 00:00:00 UTC,141.9226572,A
2024-07-12 00:00:00 UTC,136.0741316,A
2024-07-13 00:00:00 UTC,139.3621927,A
2024-07-14 00:00:00 UTC,141.6752437,A
2024-07-15 00:00:00 UTC,147.9548397,A
2024-07-16 00:00:00 UTC,159.9238711,A
2024-07-17 00:00:00 UTC,160.782543,A
2024-07-18 00:00:00 UTC,155.4016062,A
2024-07-19 00:00:00 UTC,159.0145914,A
2024-07-20 00:00:00 UTC,169.2163105,A
2024-07-21 00:00:00 UTC,174.1016486,A
2024-07-22 00:00:00 UTC,184.45125,A
2024-07-23 00:00:00 UTC,178.9808747,A
2024-07-24 00:00:00 UTC,173.0332557,A
2024-07-25 00:00:00 UTC,178.0189358,A
2024-07-26 00:00:00 UTC,171.6963841,A
2024-07-27 00:00:00 UTC,183.0844739,A
2024-07-28 00:00:00 UTC,184.6686128,A
2024-07-29 00:00:00 UTC,184.7883592,A
2024-07-30 00:00:00 UTC,182.5435213,A
2024-07-31 00:00:00 UTC,179.0391934,A
